<?xml version="1.0" encoding="UTF-8"?>
<jcr:root xmlns:sling="http://sling.apache.org/jcr/sling/1.0" xmlns:cq="http://www.day.com/jcr/cq/1.0" xmlns:jcr="http://www.jcp.org/jcr/1.0"
    jcr:primaryType="cq:Tag"
    jcr:title="Locations"
    sling:resourceType="cq/tagging/components/tag">
    <az/>
    <ca/>
    <co/>
    <cn/>
    <dc/>
    <fl/>
    <ga/>
    <hi/>
    <il/>
    <ky/>
    <la/>
    <md/>
    <ma/>
    <mi/>
    <mn/>
    <mo/>
    <nb/>
    <nv/>
    <nj/>
    <nm/>
    <ny/>
    <nc/>
    <oh/>
    <or/>
    <pa/>
    <pr/>
    <tn/>
    <tx/>
    <ut/>
    <vt/>
    <va/>
    <wa/>
</jcr:root>
